1438916	1	20	0	0	6	81	1	3	5	1278	1253	177	24	786	127	2	2015	0	228	-1	-1
3135106	1	21	0	0	9	0	0	0	15	1	90	28	5	185	6	14	2015	5	56	-1	-1
4320966	2	20	2	0	6	5	0	0	9	18	41	9	2	289	6	4	2015	5	139	33	-1
5178309	2	18	0	21	4	852	11	0	22	446	181	68	2	781	43	5	2015	2	14	5	-1
5336626	2	20	1	0	6	50	18	1	6	924	105	64	7	295	25	1	2015	1	37	10	69
5630207	2	21	0	0	7	23	0	0	8	71	425	41	11	331	0	2	2014	3	164	23	79
5643130	1	21	0	0	12	44	2	0	15	0	1076	73	15	178	18	4	0	5	80	27	-1
6591837	2	21	0	0	15	67	0	0	14	1026	179	131	2	119	17	2	0	5	89	24	93
6634855	2	-1	0	0	5	28	0	0	21	195	100	19	1	310	2	18	0	5	111	16	17
8676063	2	21	0	140	10	131	2	0	16	524	50	73	1	138	1	0	0	1	0	11	15
8750491	1	23	1	0	14	26	0	0	16	152	434	86	6	447	17	14	2014	3	385	33	133
9493291	1	-1	0	37	6	22	0	0	14	0	457	40	8	316	19	15	2015	3	216	4	-1
9671947	1	22	2	0	5	84	1	0	7	102	120	50	7	270	60	0	0	0	169	14	171
10088422	2	-1	1	0	9	26	4	0	21	201	39	11	2	144	7	4	2015	2	-1	27	-1
10513952	1	-1	1	27	7	486	3	1	12	0	222	198	6	130	58	0	2015	0	-1	67	107
11196677	2	-1	-1	0	3	80	0	2	21	1508	206	968	2	737	54	11	0	1	158	-1	184
11531398	1	20	0	0	10	245	21	5	8	2362	2793	331	36	549	151	4	2017	0	333	65	-1
11635316	2	20	-1	0	0	0	0	0	17	0	0	26	0	74	0	0	0	-1	-1	-1	-1
11828839	1	-1	0	0	8	118	0	0	11	231	181	86	2	483	22	7	2015	1	407	-1	145
12629871	2	-1	0	0	7	90	0	0	11	169	641	76	11	154	4	7	2015	5	223	10	-1
12789858	2	-1	1	0	5	61	1	1	32	1758	13	36	0	331	29	1	2015	2	-1	-1	-1
12817139	2	21	0	0	0	95	0	0	12	381	4	1	0	104	3	9	0	3	-1	30	-1
15176372	1	-1	1	0	7	57	0	14	0	26	165	124	9	429	28	0	0	-1	78	338	86
15656013	2	21	0	0	0	8	3	0	1	0	5	24	0	106	5	13	0	4	4	-1	-1
15799856	1	21	4	11	0	6	3	0	2	27	1	16	0	16	1	1	2015	5	28	16	15
16136976	2	21	1	0	8	122	0	4	20	317	96	52	1	357	2	0	0	1	-1	42	-1
16238400	2	20	-1	0	4	39	0	0	15	96	27	20	1	159	13	2	0	2	5	-1	-1
16689400	2	20	1	0	0	31	0	0	5	34	0	0	0	95	5	0	2015	5	-1	0	95
17160918	1	-1	4	87	6	60	0	0	13	22	287	43	10	158	6	5	1983	3	20	1	36
17181027	2	-1	1	0	7	1	0	0	6	0	6	16	1	88	3	1	2015	3	2	0	15
17840247	2	-1	4	0	5	74	4	0	26	869	218	37	1	363	8	6	2015	3	-1	-1	-1
17966029	1	22	0	35	8	82	9	0	14	376	57	51	3	549	35	5	2014	3	426	51	239
18675812	1	-1	0	0	2	82	2	0	19	795	76	18	4	113	17	2	2015	3	76	-1	-1
18744173	1	-1	0	26	8	8	1	0	21	545	144	21	3	197	26	3	2015	2	58	23	-1
19942417	2	20	3	0	11	26	0	0	20	63	84	17	10	228	1	3	0	4	79	5	57
20615510	2	20	1	0	4	19	1	0	5	164	63	29	2	108	3	1	0	2	3	0	19
21212174	2	22	2	0	0	3	0	0	5	63	0	9	0	77	0	0	2014	-1	41	0	17
21377303	2	-1	0	15	10	64	1	0	3	767	116	26	3	177	32	7	0	2	48	16	-1
21561414	2	20	0	0	3	128	0	2	6	126	16	46	0	360	39	0	0	1	82	18	113
21564420	1	20	4	0	12	265	0	0	16	254	76	107	1	177	12	8	2015	2	50	24	-1
21690933	1	21	0	0	4	41	0	1	3	305	7	85	0	100	13	3	2015	4	11	-1	-1
21814635	1	-1	0	0	11	15	0	0	4	0	193	1	4	128	1	0	0	-1	-1	2	-1
21838334	2	20	3	0	4	144	9	3	10	344	116	39	6	43	30	0	2012	3	30	5	86
22243773	2	-1	-1	0	0	10	2	1	4	0	1	6	0	38	1	1	0	5	-1	-1	-1
22335947	2	20	0	0	6	9	0	0	17	96	25	6	3	62	13	0	2015	2	38	4	25
23799321	2	21	0	0	12	103	1	0	12	137	183	44	8	140	33	0	0	1	72	4	62
24412176	2	-1	0	0	0	0	0	0	7	0	5	6	0	26	1	0	0	5	3	4	11
24679925	1	18	1	140	10	143	7	2	1	627	1046	246	17	224	134	5	0	0	76	13	481
24942072	1	21	1	18	8	107	8	0	10	773	676	112	12	689	56	0	2015	0	181	45	351
25034139	2	21	0	48	4	31	1	0	26	0	470	67	4	235	20	3	2015	2	-1	-1	-1
25041516	1	-1	0	61	10	94	0	0	15	345	336	80	9	343	9	16	0	4	232	36	68
25266548	2	-1	0	0	5	33	0	0	7	279	4	120	0	424	9	2	0	4	3	-1	-1
28342283	2	-1	1	0	4	246	0	0	6	2133	1	6	0	119	45	0	2014	-1	0	0	105
28776409	1	-1	7	0	7	261	0	0	0	82	22	203	0	94	38	0	0	3	57	6	-1
30226535	1	18	0	17	3	5	0	0	5	0	130	50	3	249	15	0	0	0	17	10	35
31888951	2	20	0	30	5	26	6	1	19	82	219	107	8	433	15	3	2015	1	84	8	-1
34618173	2	-1	0	0	10	5	0	0	14	21	4	10	0	88	0	11	2015	3	53	1	-1
37214093	1	21	-1	0	9	150	49	1	12	495	420	77	9	154	29	0	0	0	80	10	-1
43378282	2	21	0	0	8	405	1	4	4	724	70	62	6	209	27	2	0	1	1	12	65
49781689	2	20	6	0	5	518	0	0	3	357	282	87	3	276	21	0	0	1	225	30	74
51048799	1	22	2	0	14	33	0	0	8	57	89	14	4	33	0	0	0	5	2	0	1
52418870	1	20	0	15	15	41	0	0	13	338	432	72	2	172	31	1	2015	0	114	5	234
58600728	2	18	0	0	10	308	0	14	6	249	7862	45	54	942	88	1	0	0	21	18	972
60470911	1	-1	0	63	4	430	51	5	0	337	6098	256	22	3373	28	4	2007	0	-1	47	-1
63632372	1	-1	0	0	0	403	0	2	8	0	0	89	0	90	86	0	0	1	19	5	-1
73878391	2	20	0	0	5	16	1	1	12	539	31	163	1	163	16	1	0	2	25	0	-1
81810084	2	18	6	0	3	117	2	22	0	33	105	30	11	135	4	2	2016	5	7	3	-1
89670319	1	-1	0	36	10	81	4	0	8	251	45	62	2	268	38	0	0	1	-1	2	-1
99688221	1	22	0	0	13	690	2	0	21	0	523	76	12	150	117	0	0	2	-1	4	189
111488529	2	19	0	0	12	86	0	1	4	115	219	21	4	128	29	0	2016	3	40	5	74
111501754	2	-1	7	140	8	17	0	11	19	113	47	191	5	340	166	0	0	2	32	0	273
119015321	1	-1	0	0	5	3	0	0	12	0	5	5	1	28	0	6	0	5	1	0	1
133742616	1	-1	1	0	6	411	0	12	6	0	12	166	1	177	173	4	0	2	-1	-1	-1
138591781	1	-1	0	65	2	153	3	1	17	76	223	453	6	9290	18	13	0	0	0	0	-1
147107187	2	21	0	0	10	0	0	0	11	12	9	13	1	63	24	1	2015	4	2	0	-1
1148989	1	-1	2	0	0	158	8	0	13	1117	220	163	0	478	51	2	2014	1	-1	-1	-1
1627179	2	23	0	0	9	2	3	1	11	149	7	32	0	883	2	10	2013	4	19	-1	-1
1792739	2	-1	2	0	7	178	3	0	10	182	8	28	2	204	5	4	2015	2	-1	27	55
2474025	2	-1	4	0	9	259	24	4	1	859	553	13	12	423	49	1	2009	4	74	-1	-1
2704995	2	-1	2	0	2	10	1	1	11	521	1067	56	16	255	20	5	2015	2	-1	-1	-1
3085883	2	-1	2	3	19	0	2	2	12	31	919	27	15	770	11	1	0	1	474	36	106
3108268	2	-1	0	16	12	7	6	0	7	35	1300	2	18	243	2	6	2015	4	375	13	29
3534653	1	20	0	25	11	15	13	1	15	208	1977	234	12	385	27	7	2015	0	262	-1	-1
3890579	2	-1	0	0	3	93	4	0	11	140	61	57	3	105	4	7	2016	3	74	93	14
4335516	2	-1	-1	0	7	17	0	0	2	1093	19	2	1	353	28	1	0	2	247	199	-1
4497212	2	-1	7	22	7	373	7	164	13	437	28	663	1	3666	26	10	2016	0	105	0	-1
4568263	2	20	1	0	4	29	0	0	9	68	319	62	6	183	17	8	2015	3	200	75	-1
4614380	2	-1	0	0	13	7	2	1	17	138	37	8	1	112	2	3	2014	5	40	11	17
4713161	2	20	0	0	3	113	1	0	13	130	238	192	5	201	15	0	2015	2	24	36	28
4875446	1	-1	0	57	8	17	0	0	11	4	66	26	3	371	5	5	2015	3	-1	-1	-1
4953019	1	-1	0	17	9	409	2	0	13	1276	669	18	5	258	86	4	2016	0	-1	93	-1
5311182	1	-1	0	33	9	54	1	0	13	294	34	46	0	207	22	2	2015	1	89	55	40
5323236	1	21	0	0	4	214	1	1	14	505	439	94	23	209	76	4	0	2	-1	-1	-1
5332970	2	20	1	0	6	12	0	0	13	120	62	38	1	356	15	7	2015	4	-1	-1	187
5840047	2	21	0	0	7	20	5	0	11	115	64	13	2	302	15	4	2015	4	63	13	47
6207880	2	21	0	0	4	214	1	0	13	125	239	21	2	179	21	2	2015	4	-1	-1	52
6214362	2	-1	0	0	5	146	2	1	15	265	40	17	2	254	9	1	0	1	68	93	22
7009956	1	-1	-1	42	9	47	2	0	2	224	12	89	0	302	29	6	0	2	-1	-1	-1
7542404	2	21	-1	35	7	82	6	4	16	79	63	14	4	106	31	0	0	2	-1	9	106
7858972	1	19	1	105	4	122	49	0	10	746	644	125	7	289	11	0	2015	1	61	5	38
7916080	2	20	4	0	0	6	0	0	3	9	0	21	0	32	0	0	0	5	3	0	6
8584583	1	-1	0	65	4	46	37	0	11	916	1679	96	25	208	16	4	0	0	194	1	80
11163440	2	-1	0	15	4	41	5	0	2	528	16	8	0	86	2	2	0	5	15	9	22
11746040	1	-1	4	63	11	62	0	1	11	146	1896	31	28	233	42	0	2015	3	55	12	150
12321078	2	-1	1	14	3	64	25	0	9	996	268	124	7	194	8	1	2015	2	21	36	128
12629871	2	-1	0	0	7	90	0	0	2	170	641	76	11	154	4	7	2015	5	223	10	-1
15056352	1	23	2	41	9	977	13	7	0	512	210	228	1	339	26	2	0	0	59	-1	-1
17040712	2	-1	0	0	0	0	0	0	1	0	0	0	0	4	0	0	0	-1	0	0	1
17357154	2	21	0	43	7	22	11	0	5	55	92	8	1	230	0	1	2015	3	-1	-1	31
17666373	1	-1	0	0	12	12	7	0	12	284	104	0	5	150	15	1	2015	2	63	0	-1
17693012	2	-1	1	24	10	64	2	0	5	0	92	17	1	279	23	5	2016	3	-1	-1	-1
17714940	2	-1	0	0	2	0	0	0	13	444	51	26	3	122	11	2	0	2	-1	-1	-1
18053156	1	24	4	0	14	54	6	0	1	75	798	115	16	283	36	11	2008	4	90	94	242
18216768	2	21	7	0	13	5	0	0	6	8	49	11	2	220	1	32	0	5	131	1	21
18296840	2	-1	2	15	2	123	3	1	16	37	17	28	0	71	26	1	2016	4	5	1	-1
21264536	1	-1	-1	8	5	302	16	0	5	1084	104	111	0	322	31	5	0	1	56	-1	-1
30770943	2	20	-1	37	6	407	76	0	0	1958	529	114	1	107	38	6	0	0	-1	41	-1
32111195	2	-1	5	39	7	25	0	0	6	0	53	12	3	91	0	1	2015	5	42	5	24
39826223	1	-1	0	64	7	89	3	0	3	375	100	140	1	249	22	11	2015	1	258	15	-1
45199227	2	21	1	0	5	6	35	0	12	81	53	40	0	42	7	0	2015	4	23	3	35
64435506	2	21	0	25	4	288	1	0	17	34	251	7	2	230	59	2	0	0	51	26	96
96820660	2	-1	0	0	10	50	6	3	5	162	13	25	0	145	9	0	2015	-1	4	2	-1
143369916	1	-1	0	13	5	91	1	0	1	0	5	22	0	284	25	0	0	1	1	0	-1
1438916	1	20	0	0	6	81	1	-1	17	1278	1253	177	24	786	-1	1	2015	0	-1	-1	-1
1585400	1	21	1	0	7	54	4	-1	41	528	510	47	17	285	-1	1	2015	2	-1	8	-1
1676629	2	21	0	0	2	106	0	-1	13	587	107	24	2	262	-1	1	2015	1	-1	6	95
1792739	2	-1	2	0	7	178	3	-1	20	182	8	28	2	204	-1	4	2015	2	-1	27	55
1794556	2	22	0	0	4	0	0	-1	18	0	52	12	3	279	-1	4	2015	4	-1	7	108
1986524	2	-1	0	0	1	1	0	-1	13	23	125	14	2	399	-1	6	2001	3	-1	0	34
2007432	2	23	0	20	4	25	4	-1	4	190	316	194	5	396	-1	0	2013	2	-1	-1	189
2205489	2	23	0	0	1	99	0	-1	15	580	972	19	20	327	-1	1	2012	2	-1	101	-1
2290976	2	-1	0	0	0	8	0	-1	5	71	3	3	1	61	-1	6	0	5	-1	3	-1
2671180	2	-1	-1	0	20	4997	6	-1	0	1314	535	24	6	406	-1	21	0	1	-1	-1	-1
2906085	1	-1	0	0	0	6	1	-1	23	122	1	48	0	336	-1	2	2015	3	-1	11	-1
2986419	1	21	0	0	6	33	1	-1	17	396	267	93	9	401	-1	0	2015	2	-1	24	99
3061089	2	24	0	56	6	10	0	-1	19	140	633	54	14	367	-1	2	1995	0	-1	0	32
3108268	2	-1	0	16	12	7	6	-1	14	35	1300	2	18	244	-1	6	2015	4	-1	13	29
3261098	2	24	4	5	0	12	0	-1	3	193	2	15	2	199	-1	2	2012	2	-1	0	19
3605241	2	20	2	64	2	52	11	-1	29	290	516	42	8	141	-1	6	2015	5	-1	28	-1
4020948	2	21	1	53	5	48	6	-1	14	363	78	108	2	391	-1	1	2015	1	-1	57	304
4301391	1	24	1	0	6	2	5	-1	7	178	73	17	4	263	-1	1	2012	2	-1	17	30
4456623	2	-1	6	6	3	25	1	-1	2	14	534	48	19	207	-1	2	2015	3	-1	2	81
4593704	1	20	2	63	7	15	4	-1	20	93	491	110	6	354	-1	7	2015	3	-1	157	-1
4692916	2	21	-1	0	5	15	0	-1	23	995	52	5	2	166	-1	1	0	2	-1	-1	-1
5110202	2	20	0	49	5	153	1	-1	23	413	252	51	10	148	-1	5	0	2	-1	10	-1
5253082	2	-1	1	0	13	35	1	-1	3	618	16	17	0	183	-1	6	0	2	-1	45	48
5287350	2	-1	0	37	5	128	1	-1	19	892	34	75	0	161	-1	0	2015	1	-1	61	201
5476907	2	-1	7	0	4	5	6	-1	21	648	787	83	19	1115	-1	2	2014	1	-1	10	306
5517936	1	21	2	0	8	14	0	-1	21	32	233	19	5	159	-1	2	2015	2	-1	24	-1
5659922	2	-1	0	0	3	146	6	-1	19	365	643	48	13	109	-1	2	2015	4	-1	97	-1
5737570	2	21	0	17	5	224	0	-1	13	336	33	54	0	182	-1	2	0	1	-1	20	49
5741002	2	-1	0	0	3	0	0	-1	13	0	3	103	0	130	-1	14	2015	5	-1	-1	-1
6202174	2	-1	0	33	1	3	0	-1	30	150	2	0	1	126	-1	7	0	5	-1	-1	-1
6400489	2	-1	1	35	3	4	5	-1	11	424	35	231	1	344	-1	2	0	0	-1	0	52
6634855	2	-1	0	0	5	28	0	-1	16	195	100	19	1	310	-1	18	0	5	-1	16	17
6934806	1	-1	0	12	11	64	27	-1	18	419	1479	510	17	529	-1	11	0	1	-1	23	-1
7146315	2	-1	2	0	3	111	4	-1	34	622	386	60	4	148	-1	7	2015	1	-1	-1	44
7168688	2	-1	1	0	7	108	3	-1	32	530	233	23	2	157	-1	1	2015	4	-1	17	-1
7209783	1	22	2	62	11	76	0	-1	20	376	3404	226	28	515	-1	8	2015	1	-1	33	-1
7669356	2	-1	0	9	4	54	4	-1	39	263	341	59	10	730	-1	1	2015	0	-1	9	385
7772333	2	-1	4	0	7	6	2	-1	9	17	140	10	3	268	-1	14	0	2	-1	-1	-1
8370805	2	21	0	0	0	30	0	-1	29	32	0	31	0	157	-1	1	2015	5	-1	5	112
8676063	2	21	0	140	10	131	2	-1	10	524	50	73	1	138	-1	0	0	1	-1	11	15
9175984	1	20	0	0	8	16	0	-1	0	0	101	122	4	329	-1	7	0	4	-1	55	-1
9214536	2	-1	0	0	0	0	1	-1	14	0	2	2	0	123	-1	10	0	5	-1	-1	-1
9240019	2	22	1	0	14	5	0	-1	19	110	14	3	2	156	-1	3	2015	5	-1	5	26
9418672	2	20	0	0	2	3	0	-1	28	5	40	9	4	140	-1	0	2015	1	-1	4	39
10082274	2	22	-1	0	4	26	1	-1	20	491	484	34	5	332	-1	0	0	-1	-1	-1	-1
10335635	1	21	1	0	4	13	1	-1	16	174	726	59	16	328	-1	1	2015	0	-1	3	121
10361901	1	-1	1	0	9	20	0	-1	10	98	153	414	3	156	-1	4	2013	3	-1	6	-1
10410139	2	19	1	0	2	0	24	-1	17	0	7	52	0	132	-1	1	2015	2	-1	-1	-1
10536737	2	-1	0	0	4	0	0	-1	24	2	8	0	2	254	-1	13	2015	5	-1	-1	-1
10641948	2	-1	0	13	5	10	2	-1	12	389	4	6	0	173	-1	2	2015	4	-1	30	31
10745801	1	-1	1	34	8	218	0	-1	1	1380	373	43	6	143	-1	0	0	1	-1	-1	-1
11006041	2	20	6	57	2	321	130	-1	27	1634	1325	40	13	497	-1	2	2015	0	-1	31	597
11196677	2	-1	-1	0	3	80	0	-1	22	1508	206	967	2	737	-1	11	0	1	-1	-1	184
11363295	2	-1	0	0	0	0	0	-1	19	509	1	8	0	75	-1	11	2015	2	-1	-1	-1
11428645	2	20	1	10	3	20	3	-1	18	318	484	20	12	169	-1	0	2015	0	-1	5	75
11828839	1	-1	0	0	8	118	0	-1	59	231	181	86	2	483	-1	7	2015	1	-1	-1	145
11837213	1	-1	1	0	25	73	2	-1	2	190	1952	123	15	623	-1	2	0	1	-1	70	72
11903304	1	-1	0	2	8	41	17	-1	32	437	678	142	9	196	-1	2	0	1	-1	22	-1
12006660	1	-1	7	27	8	939	22	-1	14	0	599	235	8	428	-1	1	0	2	-1	-1	-1
12320712	1	19	0	118	5	57	80	-1	9	1636	642	805	4	707	-1	6	0	0	-1	-1	-1
12323150	1	21	0	0	3	81	3	-1	20	0	2864	149	32	599	-1	5	2015	1	-1	33	321
12528329	2	20	1	0	5	78	11	-1	7	305	243	25	5	284	-1	7	2015	1	-1	13	-1
12788762	1	20	1	9	21	13	1	-1	32	208	180	33	9	210	-1	3	2015	3	-1	33	68
12867893	2	-1	0	0	10	6	0	-1	7	787	3	32	1	101	-1	0	2015	-1	-1	-1	-1
12899759	1	19	0	0	8	7	2	-1	1	40	423	22	13	205	-1	2	0	2	-1	20	103
12960700	1	22	1	0	7	18	0	-1	9	318	335	23	7	183	-1	4	2013	4	-1	14	58
13487524	2	21	2	24	2	468	2	-1	19	931	781	21	11	239	-1	6	2015	2	-1	19	-1
13829607	2	-1	0	37	6	1871	8	-1	2	391	496	39	18	878	-1	4	2015	1	-1	-1	-1
13909730	1	23	1	0	6	48	2	-1	5	0	548	47	8	217	-1	0	2013	1	-1	42	-1
15133608	2	20	5	0	0	7	28	-1	22	0	10	2	1	90	-1	0	2015	1	-1	-1	-1
15723795	2	-1	1	5	14	151	5	-1	3	421	642	103	11	697	-1	1	2015	1	-1	0	279
15728483	2	-1	0	3	6	0	0	-1	12	0	8	1	0	137	-1	4	0	3	-1	0	19
15860419	2	21	2	6	11	1240	4	-1	5	0	351	165	5	205	-1	3	2014	1	-1	-1	-1
15890184	2	-1	0	6	10	34	3	-1	7	0	161	157	6	262	-1	2	0	0	-1	2	63
16665467	2	21	1	0	0	0	0	-1	12	0	4	19	0	120	-1	2	2016	1	-1	1	-1
16803892	2	20	0	0	3	22	2	-1	22	183	32	128	0	369	-1	16	2015	2	-1	9	98
16834256	2	-1	0	0	6	90	0	-1	7	329	176	110	8	402	-1	58	0	4	-1	43	-1
17240142	2	-1	1	22	4	43	1	-1	20	166	14	21	3	445	-1	3	2015	3	-1	23	98
17840247	2	-1	4	0	5	74	4	-1	10	869	218	37	1	363	-1	6	2015	3	-1	-1	-1
18015119	2	-1	1	0	8	2	0	-1	11	597	54	60	2	127	-1	1	0	3	-1	-1	32
18208028	2	20	0	9	5	487	38	-1	0	2156	832	193	5	456	-1	2	2014	0	-1	27	-1
18744173	1	-1	0	26	8	8	1	-1	23	545	144	21	3	197	-1	3	2015	2	-1	23	-1
19665117	1	-1	1	0	16	221	1	-1	14	2379	29	57	2	281	-1	13	0	3	-1	29	183
20031081	1	21	7	0	6	246	3	-1	19	359	1343	619	19	264	-1	2	2015	0	-1	42	107
20115156	2	20	0	4	5	140	0	-1	19	587	56	217	1	294	-1	1	0	3	-1	27	90
20346985	2	-1	0	0	5	161	10	-1	18	774	182	51	9	181	-1	3	0	1	-1	-1	-1
20878349	2	23	1	103	7	26	6	-1	11	738	451	30	13	272	-1	1	2012	2	-1	52	156
20955264	1	20	1	0	8	21	6	-1	10	67	201	119	7	111	-1	3	0	1	-1	4	24
21753980	2	22	0	1	12	1	0	-1	21	124	25	3268	1	129	-1	11	0	3	-1	0	19
22077147	2	20	1	0	7	128	0	-1	29	593	105	54	4	145	-1	2	2015	1	-1	0	72
22335947	2	20	0	0	6	9	0	-1	14	96	25	6	3	62	-1	0	2015	2	-1	4	25
22865842	1	20	0	25	8	68	5	-1	5	324	109	28	2	222	-1	6	2015	5	-1	70	25
22867224	2	22	2	41	3	1085	5	-1	28	982	431	57	6	339	-1	0	2014	0	-1	56	372
23185216	2	19	7	2	4	61	3	-1	13	260	146	17	2	175	-1	2	2018	3	-1	4	34
23781096	2	21	0	0	7	3	0	-1	2	181	71	7	5	52	-1	3	2015	5	-1	0	18
24970539	2	18	-1	0	0	980	0	-1	8	504	4	21	0	291	-1	0	0	1	-1	2	-1
25034139	2	21	0	48	4	31	1	-1	71	0	470	67	4	235	-1	3	2015	2	-1	-1	-1
26495430	2	22	0	25	10	125	1	-1	6	571	55	14	3	131	-1	0	2014	1	-1	11	105
29204325	1	21	1	14	5	133	9	-1	10	683	410	105	3	136	-1	1	0	1	-1	4	43
29247043	1	19	1	0	3	169	0	-1	1	549	744	159	8	258	-1	1	0	2	-1	5	73
30526259	2	21	4	62	8	304	0	-1	14	1760	1688	56	11	149	-1	0	2015	3	-1	31	32
31439986	2	-1	0	0	11	11	1	-1	8	0	26	122	3	295	-1	3	2015	1	-1	30	61
33567214	1	-1	1	0	5	192	1	-1	9	0	56	129	1	150	-1	0	0	0	-1	-1	-1
34396519	1	-1	0	54	6	1031	0	-1	1	804	58	44	3	95	-1	2	0	0	-1	-1	-1
34566337	2	-1	5	3	5	379	0	-1	14	398	207	90	3	220	-1	7	2009	4	-1	8	21
37678534	2	-1	1	0	4	274	0	-1	3	767	15	8	4	238	-1	4	0	2	-1	0	172
38171223	1	-1	0	1	0	34	1	-1	5	401	3	4	0	111	-1	2	2014	5	-1	-1	-1
38478944	2	-1	0	0	9	266	0	-1	27	447	116	39	2	208	-1	0	2015	1	-1	17	56
39736191	2	18	0	27	4	31	2	-1	6	246	32	23	0	144	-1	4	2017	4	-1	2	10
39736477	2	24	0	0	0	1	0	-1	6	33	7	10	1	131	-1	4	1993	5	-1	0	67
39924527	2	20	0	15	10	235	0	-1	26	407	101	29	3	206	-1	6	2015	3	-1	10	-1
40058228	2	-1	1	142	6	22	0	-1	22	146	7	39	0	256	-1	4	2015	5	-1	0	17
40476645	1	-1	0	17	8	347	32	-1	11	485	57	376	2	454	-1	5	2015	0	-1	64	-1
40753512	2	-1	1	0	2	14	0	-1	14	150	48	26	4	126	-1	1	2015	3	-1	4	24
41505172	1	-1	1	0	6	1	0	-1	26	109	89	44	3	198	-1	3	2015	4	-1	7	56
42263296	1	-1	-1	0	15	64	0	-1	13	567	71	25	2	100	-1	2	0	3	-1	-1	-1
42288189	2	19	0	0	5	0	1	-1	12	218	72	107	5	198	-1	6	0	3	-1	0	35
43682534	1	21	0	72	16	46	0	-1	1	480	1446	89	19	318	-1	3	2014	1	-1	3	178
43719689	2	-1	0	0	5	73	0	-1	5	164	6	80	0	142	-1	3	0	2	-1	3	-1
47543465	1	-1	-1	0	4	32	0	-1	14	0	76	96	2	95	-1	9	0	3	-1	-1	-1
50088078	2	20	7	0	7	39	1	-1	31	190	19	71	1	138	-1	1	2015	1	-1	4	34
50099874	2	21	7	9	5	61	0	-1	0	110	676	144	9	300	-1	4	2017	2	-1	-1	-1
51314698	2	24	4	17	6	23	0	-1	10	160	16	10	0	176	-1	2	2012	5	-1	24	33
55756615	1	21	0	0	12	7	1	-1	12	0	203	85	4	228	-1	2	2014	1	-1	-1	-1
60076318	2	-1	0	121	7	110	3	-1	15	455	569	13	7	207	-1	9	0	5	-1	14	-1
62057290	1	20	-1	11	7	23	5	-1	7	415	385	117	6	127	-1	9	0	2	-1	-1	110
65582247	1	-1	0	30	11	22	2	-1	4	233	324	69	5	247	-1	9	0	2	-1	5	85
67868648	2	-1	1	0	8	43	0	-1	13	734	16	50	0	195	-1	30	2013	4	-1	2	-1
71366084	2	22	0	46	0	63	0	-1	10	323	29	69	0	348	-1	2	2014	1	-1	25	28
82247966	2	-1	0	0	2	0	0	-1	11	0	3	9	0	131	-1	2	0	5	-1	0	-1
83266696	2	-1	0	74	10	1	0	-1	20	0	13	1	1	43	-1	1	2015	4	-1	7	16
86093411	2	-1	1	0	4	99	2	-1	19	470	48	24	2	171	-1	13	2015	3	-1	5	72
86220855	2	-1	0	0	5	6	0	-1	19	125	23	27	0	306	-1	18	2016	4	-1	2	52
87568666	2	21	7	0	13	3	0	-1	13	66	23	104	1	251	-1	0	2015	-1	-1	2	10
88594620	2	21	5	0	12	38	0	-1	11	0	12	4	0	89	-1	0	2015	5	-1	-1	46
94165055	2	20	2	28	5	278	1	-1	10	713	762	92	10	176	-1	3	2015	1	-1	6	115
94522153	2	-1	0	0	7	93	0	-1	14	2786	12	14	3	96	-1	6	2015	5	-1	0	36
94810925	2	24	-1	56	15	12	4	-1	8	70	19	0	2	140	-1	3	0	5	-1	13	11
104217486	2	20	0	0	3	2	0	-1	17	0	39	1	1	136	-1	3	0	2	-1	0	24
123441356	2	-1	4	15	8	129	1	-1	7	663	217	15	3	73	-1	3	0	0	-1	0	-1
136682822	2	19	0	0	5	181	0	-1	9	692	3	9	0	286	-1	17	0	4	-1	0	76
145720593	2	-1	0	38	2	10	1	-1	5	3	16	3	1	43	-1	0	0	5	-1	0	6
157280613	2	-1	0	0	5	4	0	-1	12	191	17	53	1	386	-1	4	0	3	-1	0	-1
162804279	1	20	0	0	10	186	0	-1	6	879	34	32	1	165	-1	2	0	1	-1	-1	43
180844088	2	23	0	0	12	7	0	-1	10	5	10	12	0	250	-1	8	2013	3	-1	0	15
181613358	2	24	2	0	12	17	0	-1	10	177	76	6	2	217	-1	10	2011	4	-1	0	29
200144331	1	20	1	0	10	17	0	-1	9	91	74	79	1	118	-1	2	2016	2	-1	-1	-1
203889410	2	21	0	31	13	26	0	-1	2	94	88	0	3	76	-1	1	0	0	-1	0	30
228003707	2	-1	0	0	0	0	0	-1	1	9	0	0	0	3	-1	0	0	-1	-1	0	2
104031	1	23	7	107	12	50	6	1	8	230	1188	85	19	208	27	1	2013	2	290	14	-1
556215	1	-1	4	0	7	63	0	3	13	6	10	44	0	289	1	7	2000	5	101	48	134
669195	1	-1	0	106	10	123	1	0	11	313	296	92	4	159	11	3	0	4	95	17	-1
693549	2	-1	0	0	0	0	0	0	11	0	0	7	0	186	1	0	2015	-1	-1	-1	-1
967739	2	23	0	0	13	642	9	0	18	1017	846	36	9	607	13	2	0	2	121	103	-1
1012304	1	24	4	0	13	109	8	0	9	0	2478	63	32	286	0	5	2005	2	-1	23	78
1030117	1	-1	0	20	8	297	24	1	18	580	233	141	5	228	66	0	0	0	157	19	-1
1101892	1	24	4	0	3	8	0	0	15	0	475	15	25	388	2	9	1981	2	118	10	18
1216446	2	-1	0	0	6	217	1	4	23	1840	689	0	7	796	13	11	2015	2	-1	1	40
1335137	2	-1	2	0	4	101	8	5	13	1712	17	62	0	271	63	0	0	3	277	16	-1
1436960	2	24	-1	35	9	91	9	0	18	48	67	23	7	189	20	4	0	3	-1	-1	-1
1449854	1	-1	1	99	14	17	0	0	8	741	68	65	2	165	5	13	2014	2	476	5	-1
1462103	2	22	0	0	5	28	1	0	21	153	52	29	2	478	66	4	2015	3	184	18	-1
1555007	1	-1	0	0	11	2	0	0	17	0	205	29	7	218	4	4	0	4	95	14	25
1566038	1	-1	2	32	10	349	0	1	8	1962	1854	289	7	839	34	0	0	0	-1	-1	-1
1570488	2	21	5	6	1	49	13	0	37	191	447	15	12	173	4	3	2015	2	110	10	75
1586356	1	-1	6	0	26	31	4	0	3	91	88	70	5	219	2	0	2014	5	-1	201	307
1637215	1	20	2	0	5	39	20	0	31	530	987	36	20	359	23	0	0	2	-1	22	-1
1734155	1	-1	0	0	9	427	25	0	8	1604	1306	300	17	367	76	4	2013	0	-1	109	-1
1969317	2	-1	5	0	6	57	0	0	9	283	460	6	6	108	13	4	2015	5	-1	32	119
2194433	1	23	0	0	11	68	0	0	1	287	24	31	1	51	35	0	0	1	47	31	-1
2197040	2	21	2	11	3	728	18	0	26	742	707	46	8	151	7	5	0	2	110	141	216
2332839	1	-1	7	16	7	71	14	2	10	805	1797	242	18	357	84	0	2014	1	186	31	-1
2473993	1	-1	0	0	10	1	0	0	16	181	136	22	4	88	0	21	0	5	61	16	5
2523207	2	-1	0	0	1	838	10	2	19	714	451	119	19	182	17	0	2016	0	111	91	119
2701211	1	20	0	0	5	29	0	0	21	299	125	10	3	130	4	4	2015	3	49	5	-1
3113155	2	20	0	0	4	0	1	1	11	1	85	13	1	480	68	0	2016	0	97	26	114
3172597	2	22	2	0	16	42	7	0	16	238	280	29	6	66	8	1	0	5	138	4	-1
3306279	1	-1	0	0	6	0	0	0	10	0	562	12	8	135	12	3	2014	1	13	-1	-1
3432450	1	-1	0	35	7	105	0	2	22	1364	399	97	5	731	116	5	2014	1	91	-1	-1
3501343	1	-1	0	65	3	15	3	0	13	257	401	5	5	123	12	2	0	5	32	7	25
3692667	1	-1	0	13	7	19	18	0	5	644	95	18	5	130	0	0	0	5	-1	-1	-1
3765375	1	19	0	0	5	49	5	0	4	358	180	48	5	128	21	2	0	2	-1	41	-1
3854905	1	20	1	0	5	277	4	1	20	914	308	75	8	386	146	2	2014	2	113	34	-1
3920227	2	21	0	0	4	1	0	0	6	60	90	21	4	107	2	1	0	1	-1	-1	-1
3929942	2	-1	0	0	0	0	0	0	15	0	4	31	0	297	0	9	2014	5	-1	-1	-1
4008724	2	22	1	72	12	270	1	4	12	503	257	15	7	202	154	0	0	0	56	134	-1
4010070	2	-1	-1	0	5	25	1	0	25	264	46	27	1	151	24	2	0	4	-1	-1	-1
4020948	2	21	1	53	5	48	6	4	34	364	78	108	2	391	29	1	2015	1	119	57	304
4174110	2	21	0	0	6	81	0	0	8	204	45	28	1	217	6	1	2014	4	-1	69	70
4320966	2	20	2	0	6	5	0	0	15	18	41	9	2	289	6	4	2015	5	139	33	-1
4368927	1	-1	7	39	8	35	41	2	18	289	589	36	11	135	7	0	0	3	272	-1	-1
4593704	1	20	2	63	7	15	4	1	31	93	491	110	6	354	7	7	2015	3	168	157	-1
4691082	2	-1	1	35	3	188	4	0	11	752	451	55	1	246	10	2	2015	1	104	8	-1
4692916	2	21	-1	0	5	15	0	0	9	995	52	5	2	165	0	1	0	2	97	-1	-1
4695751	2	-1	0	34	5	4	0	0	6	0	70	23	4	515	1	13	2014	5	-1	-1	-1
4757665	1	20	0	0	5	142	3	0	28	558	284	97	5	315	34	6	0	4	180	53	-1
5179707	2	-1	4	0	8	748	110	2	3	171	223	12	13	349	31	0	1971	0	106	9	90
5246496	2	20	0	0	0	0	0	0	18	0	0	25	0	132	1	2	2015	5	76	7	-1
5249162	1	24	0	0	9	284	5	0	17	254	563	7	11	252	29	1	1998	1	38	1	98
5250200	2	-1	-1	0	0	22	0	0	10	0	9	17	0	57	5	0	0	-1	-1	-1	-1
5271800	1	-1	-1	4	0	0	17	0	19	0	5	87	0	117	25	4	0	5	-1	-1	-1
5323318	2	21	0	11	3	153	3	1	5	524	80	165	4	130	17	0	2016	0	57	27	143
5336626	2	20	1	0	6	50	18	1	24	924	105	64	7	295	25	1	2015	1	37	10	69
5364674	1	-1	-1	0	8	37	0	0	5	539	148	172	7	360	41	1	0	1	-1	-1	-1
5470224	2	-1	0	44	2	12	3	0	5	278	21	2	2	51	0	1	0	2	46	-1	10
5897084	1	21	-1	0	0	1	1	4	9	56	0	52	0	76	0	0	0	5	-1	82	-1
6388247	1	20	2	0	6	66	26	1	22	742	360	171	5	488	47	2	2014	1	113	38	-1
6403735	2	-1	0	0	4	91	5	0	21	514	49	38	1	221	25	0	2014	0	146	36	-1
6447199	1	-1	0	0	8	230	0	0	24	899	36	44	1	376	18	14	2014	5	219	-1	-1
6695472	2	-1	0	49	8	42	5	0	33	0	365	35	10	225	12	8	0	3	118	3	-1
6804381	2	21	0	19	5	33	1	0	17	97	272	56	5	155	12	2	0	5	164	56	59
7042243	1	-1	4	12	13	16	13	0	30	126	195	69	6	351	6	18	2015	4	68	14	-1
7044609	1	19	0	0	6	46	0	0	9	474	6221	28	33	212	36	4	0	3	83	56	-1
7148739	2	-1	0	0	2	0	0	0	6	23	10	19	0	67	4	4	2015	3	8	0	-1
7222402	1	24	4	21	14	91	0	0	12	73	180	40	13	304	1	4	1991	3	50	35	23
7235317	2	21	0	27	6	508	3	3	34	715	194	76	3	973	177	0	2014	1	396	72	-1
7503100	1	-1	-1	26	2	137	3	0	3	2098	291	125	7	425	33	1	0	0	-1	-1	-1
7669356	2	-1	0	9	4	54	4	2	37	263	341	60	10	730	49	1	2015	0	-1	9	386
7861732	2	-1	0	0	11	341	9	4	10	0	263	131	4	756	84	4	2013	1	-1	-1	-1
8487905	2	-1	-1	0	0	0	0	4	9	1	0	1	0	216	0	0	0	4	-1	-1	-1
9059398	2	-1	0	9	2	2886	76	5	10	1168	2059	61	22	142	17	0	2013	1	52	42	81
9214536	2	-1	0	0	0	0	1	0	13	0	2	2	0	123	7	10	0	5	-1	-1	-1
9523392	1	20	0	0	6	339	38	9	10	1723	1205	218	27	418	79	3	2015	1	139	26	-1
9619058	2	-1	0	0	3	134	4	2	25	223	74	30	1	219	10	2	0	2	-1	-1	-1
9675005	2	21	1	0	6	17	2	2	17	20	130	181	2	796	39	2	2014	0	432	15	91
9729120	2	-1	0	0	6	120	2	1	13	719	475	44	8	159	6	1	2015	3	21	23	-1
10167647	2	19	0	0	7	124	9	0	29	433	68	14	6	220	14	0	2015	2	182	6	77
10470483	1	20	0	24	4	12	0	0	27	93	54	6	4	169	24	4	2015	2	38	2	-1
10597152	1	-1	0	0	15	18	1	0	13	89	316	28	6	148	5	1	2013	4	81	12	-1
10843126	1	21	-1	0	7	11	0	0	18	259	132	111	2	344	16	11	0	5	-1	-1	-1
11080005	2	20	7	0	7	140	0	0	20	381	24	40	0	152	16	1	0	3	74	64	-1
12323150	1	21	0	0	3	81	3	2	47	0	2864	149	32	599	91	8	2015	1	503	33	324
12502672	2	-1	0	10	3	87	0	0	12	376	400	16	9	342	4	2	2015	3	111	11	64
12503057	1	21	0	0	6	69	4	0	28	0	228	24	7	394	13	6	0	2	329	-1	-1
12629871	2	-1	0	0	7	90	0	0	12	169	641	76	11	154	4	7	2015	5	223	10	-1
12788762	1	20	1	9	21	13	1	0	12	208	180	33	9	210	22	3	2015	3	142	33	68
12818616	1	18	7	40	0	4	0	0	19	455	2	31	0	163	12	0	2015	-1	-1	1	22
12976512	1	21	5	0	0	0	0	0	0	0	0	39	0	2	0	0	0	-1	0	0	3
13561225	1	-1	0	67	3	222	26	1	17	187	446	41	16	570	22	14	0	2	-1	53	-1
13610184	2	-1	0	0	1	8	1	0	8	163	21	53	0	19	1	1	0	2	3	16	7
13658553	1	-1	4	0	10	4	0	0	6	38	124	11	7	134	7	0	0	1	35	2	20
14165623	1	20	0	94	7	197	11	0	5	748	395	76	1	195	32	5	0	2	95	106	77
14249494	2	-1	0	0	5	23	0	0	22	18	2	69	0	153	8	6	2015	5	68	0	34
15233721	2	21	0	0	14	91	0	0	9	182	22	11	2	290	1	20	0	4	131	44	30
15543293	2	21	0	0	5	119	1	7	31	758	78	42	2	347	47	1	2015	1	87	3	-1
16204752	1	-1	0	47	4	13	0	0	24	0	13	23	0	83	8	2	2015	3	20	1	-1
16412757	2	21	0	14	6	159	12	8	8	0	9	744	0	286	132	7	0	0	-1	-1	-1
16620347	2	20	1	0	11	13	0	0	14	147	111	13	6	174	15	7	2015	4	117	21	-1
17144876	1	-1	4	0	5	20	5	0	12	173	1827	80	41	200	5	3	0	3	39	7	-1
17424854	1	20	4	111	14	134	0	0	11	0	68	60	2	87	23	0	2015	1	-1	-1	-1
17750079	2	21	1	0	7	32	0	0	14	135	65	12	4	251	9	5	0	3	89	6	51
17888264	2	20	2	0	5	340	10	0	17	544	202	55	3	248	28	7	2015	2	145	37	-1
17897074	1	-1	0	0	5	32	0	0	13	0	137	131	3	371	19	3	0	0	78	3	-1
18026143	2	20	0	0	0	21	0	0	17	85	2	9	0	45	0	3	2015	5	13	0	37
19054533	1	21	2	0	0	0	0	1	2	0	2	10	0	27	0	4	0	5	1	0	-1
19128098	1	-1	2	0	10	22	0	1	25	142	693	82	15	229	34	0	2015	2	148	19	171
19182708	2	-1	0	0	3	17	10	0	14	0	127	26	5	138	3	9	2015	4	55	12	18
19557432	1	-1	4	0	16	53	2	0	5	63	518	18	18	53	26	9	0	4	-1	5	42
19665117	1	-1	1	0	16	221	1	0	15	2379	29	57	2	281	76	13	0	3	130	29	183
19740083	2	-1	1	28	4	201	4	0	10	450	23	74	0	272	20	8	2015	0	75	17	-1
20000731	2	-1	0	0	2	26	2	0	7	270	25	3	2	46	0	0	0	5	2	2	42
20037805	1	-1	0	0	12	160	19	0	1	0	40	115	2	448	23	11	2013	1	-1	-1	-1
20426341	2	20	-1	44	6	2498	7	0	4	2996	819	209	2	253	231	3	0	0	-1	-1	-1
21529063	2	21	0	0	6	20	0	0	23	110	71	18	5	130	40	4	2015	3	26	0	98
21787893	1	21	0	2	6	5	0	0	33	0	22	58	1	507	2	67	2015	5	-1	-1	-1
22297809	2	20	0	25	4	3	0	0	7	0	26	36	1	135	4	3	2015	5	-1	-1	21
22453611	1	-1	1	28	13	10	3	0	2	76	529	55	14	105	34	8	2014	4	-1	28	152
22599885	2	-1	0	9	2	263	3	0	5	709	81	55	2	320	70	3	2015	0	-1	4	-1
23467280	1	-1	4	0	22	15	0	0	5	60	120	59	5	27	0	17	2014	4	29	0	-1
24709180	1	20	1	43	6	244	22	0	15	451	270	92	4	262	17	5	2016	0	-1	36	109
25952404	1	22	0	42	8	302	7	0	7	522	213	529	1	647	62	15	2014	0	416	9	-1
26077394	2	-1	0	13	8	51	1	0	15	1192	3	12	0	98	8	3	2015	5	7	0	-1
29315816	2	21	1	6	5	10	0	0	8	109	65	27	3	283	13	10	0	3	224	2	50
31772900	1	-1	0	0	4	71	1	0	8	1251	755	34	8	286	69	3	2016	1	447	11	217
34003548	1	21	0	12	15	168	0	1	20	465	348	116	9	145	78	10	0	3	-1	4	-1
37545250	1	-1	0	0	0	0	0	1	0	0	0	3	0	1	0	1	2016	5	-1	0	1
44622115	1	-1	0	0	7	8	0	0	18	308	145	21	5	114	9	9	0	3	73	1	-1
44803981	1	-1	-1	0	4	4	0	0	9	0	5	28	0	247	16	15	0	2	-1	-1	61
46250345	1	22	4	0	16	479	1	4	4	423	18	150	2	290	130	1	2013	1	-1	67	439
47543465	1	-1	-1	0	4	32	0	0	19	0	75	96	2	95	4	9	0	3	-1	-1	-1
50020254	2	-1	0	46	5	6	14	0	18	0	347	1	5	131	18	1	0	1	43	0	-1
52918127	2	-1	1	27	7	540	6	11	17	4103	479	35	3	436	51	1	2014	0	-1	5	-1
53328716	2	-1	0	0	0	0	0	0	8	0	1	3	0	97	0	0	0	-1	21	0	14
60076318	2	-1	0	121	7	110	3	0	42	455	569	13	7	207	15	9	0	5	154	14	-1
60154121	2	21	2	0	0	0	0	0	2	2	7	13	0	106	0	16	2015	5	1	0	5
61094662	1	23	1	0	10	0	1	0	1	104	3	18	0	256	4	6	2012	4	35	0	42
63219220	2	20	0	16	4	5	1	0	13	9	446	7	10	91	5	3	0	3	28	5	-1
63361083	1	-1	0	0	26	105	12	0	4	71	71	37	5	204	6	2	2016	2	55	6	52
67739791	2	-1	-1	0	0	48	0	0	23	145	34	22	0	239	5	16	0	5	-1	-1	-1
75525549	1	-1	4	83	15	1	0	0	21	0	23	78	0	253	54	14	0	5	-1	-1	-1
75651394	2	-1	0	0	6	38	0	1	26	93	15	11	0	357	35	2	0	3	20	1	127
83266696	2	-1	0	74	10	1	0	0	5	0	13	1	1	43	1	1	2015	4	11	7	16
88501227	1	24	0	0	8	145	5	2	5	536	284	98	4	600	81	1	2017	2	135	13	-1
89404931	1	-1	0	58	9	34	1	3	2	337	46	49	2	198	82	3	0	2	16	-1	-1
93913027	2	-1	1	74	11	13	1	0	9	275	23	27	1	236	17	4	2015	2	43	2	-1
94522153	2	-1	0	0	7	93	0	0	18	2786	12	14	3	96	13	6	2015	5	9	0	36
96589638	2	-1	0	0	4	6	2	1	52	266	23	11	1	288	13	1	2015	2	63	1	-1
98021388	1	-1	0	0	8	0	0	0	4	0	39	28	0	211	7	21	2015	3	1	0	-1
104029645	1	-1	0	10	9	1	6	1	8	504	257	50	6	223	50	0	2013	1	-1	2	134
104347981	2	-1	5	140	3	13	0	3	7	0	93	11	2	114	7	2	0	2	19	0	26
139365468	2	-1	0	69	2	18	3	1	3	224	113	22	1	209	16	4	0	2	14	0	40
139692849	1	19	0	71	5	54	2	0	13	104	180	135	2	670	28	1	2017	1	181	5	178
144966338	1	-1	0	133	4	30	2	0	8	675	133	43	2	484	80	9	0	1	64	42	282
145876672	2	24	5	95	6	16	0	5	48	13	6046	15	35	1500	6	0	0	1	1	1	112
161672580	2	-1	0	0	10	2	0	0	8	3	20	16	0	82	8	0	0	1	0	0	11
161735311	2	-1	0	0	13	0	0	0	7	258	87	17	1	153	0	0	2015	-1	32	2	-1
171433518	2	18	1	5	4	16	1	1	5	14	43	9	2	45	17	0	0	2	0	0	26
219819202	2	-1	1	0	0	0	0	1	3	2	3	7	0	131	10	3	0	2	0	0	21
